{
  "type": "object",
  "title": "Attribute",
  "properties": {
    "identifier": {
      "type": "string",
      "net.cnri.repository": {
        "type": {
          "autoGeneratedField": "handle"
        }
      }
    },
    "dt:attributeName": {
      "type": "string",
      "title": "Name",
      "net.cnri.repository": {
        "preview": {
          "showInPreview": true,
          "isPrimary": true
        }
      }
    },
    "dt:attributeDescription": {
      "type": "string",
      "format": "textarea",
      "title": "Description",
      "net.cnri.repository": {
        "preview": {
          "showInPreview": true,
          "excludeTitle": true
        }
      }
    },
    "dt:attributeMeaning": {
      "description": "concept label and identifier that specifies the phenomenon quantified by the attribute, e.g.length, mass, concept, velocity. The value here will be related to the valid UOM for the value.",
      "type": "object",
      "title": "Attribute semantics",
      "properties": {
        "dt:meaningPropertyURI": {
          "description": "identifier for a data type (objectClass) entity concept",
          "type": "string",
          "title": "Property Concept URI",
          "net.cnri.repository": {
            "type": {
              "handleReference": {
                "types": [
                  "SKOS Concept"
                ]
              }
            }
          }
        },
        "dt:meaningPropertyPrefLabel": {
          "type": "string",
          "title": "Property name",
          "description": "human-readable label for the property represented by the attribute value"
        }
      }
    },
    "dt:attributeDataType": {
      "description": "specifies the dataType for attribute values. Must be consistent with the valueDataType of an attributeDomain assigned to the attribute. Datatype is assigned by reference; complex dataType definitions are represented as separate objects inlucded in a dataType dictionary. the choices in the 'oneOf' section identify for the category of the dataType definition for the attribute value. In this implementation of the USGIN DataType model, represents the subtype of abstract DataType; possible values are PrimitiveType, DataObject, ArrayVariable (not implemented yet), Dictionary (not implemented) and List (not implemented)",
      "title": "Attribute Data Type",
      "type": "object",
      "oneOf": [
        {
          "type": "object",
          "title": "Primitive Type",
          "properties": {
            "dt:primitiveDataTypeURI": {
              "description": "identifier for the dataType definition; primitive types might be defined in various vocabularies, but other dataType Categories should provide URIs for dataType definitions that offer representations using this dataType schema.",
              "title": "Primitive Type URI",
              "oneOf": [
                {
                  "type": "string",
                  "title": "External URI",
                  "format": "URI"
                },
                {
                  "type": "string",
                  "title": "Link to Concept in this repository",
                  "net.cnri.repository": {
                    "type": {
                      "handleReference": {
                        "types": [
                          "SKOS Concept"
                        ]
                      }
                    }
                  }
                }
              ]
            },
            "dt:primitiveDataTypeLabel": {
              "description": "free text label for humans to understand the dataType",
              "title": "Label",
              "type": "string"
            }
          }
        },
        {
          "type": "object",
          "title": "Data Object",
          "properties": {
            "dt:dataObject": {
              "type": "string",
              "title": "Data Object",
              "net.cnri.repository": {
                "type": {
                  "handleReference": {
                    "types": [
                      "Data Object"
                    ]
                  }
                }
              }
            }
          }
        }
      ]
    },
    "dt:attributeComponentContainerMeaning": {
      "description": "identifier for the meaning concept of a container object for this attribute. Use when an attribute in a data object is a component in a complex object whose properties have been indcorporated into the data object. For instance  a point location object has {latitue, longitude, SRS} properties, but typically a point location is implemented by putting these fields in a data object, not putting in a point location object. This construct is useful if someone is searching for content that has a property represented by the container object, e.g. find all datasets that have geographically located observations.",
      "type": "string",
      "title": "Component of:",
      "net.cnri.repository": {
        "type": {
          "handleReference": {
            "types": [
              "SKOS Concept"
            ]
          }
        }
      }
    },
    "creationDate": {
      "type": "string",
      "title": "Creation Date",
      "net.cnri.repository": {
        "type": {
          "autoGeneratedField": "creationDate"
        }
      }
    },
    "modificationDate": {
      "type": "string",
      "title": "Modification Date",
      "net.cnri.repository": {
        "preview": {
          "showInPreview": true
        },
        "type": {
          "autoGeneratedField": "modificationDate"
        }
      }
    },
    "createdBy": {
      "type": "string",
      "title": "Created By",
      "net.cnri.repository": {
        "type": {
          "autoGeneratedField": "createdBy"
        }
      }
    },
    "modifiedBy": {
      "type": "string",
      "title": "Modified By",
      "net.cnri.repository": {
        "type": {
          "autoGeneratedField": "modifiedBy"
        }
      }
    }
  }
}