
{
  "identifier" : "20.5000.360/b42310a0b42e2edae241",
  "name" : "Data Object",
  "schema" : {
    "type" : "object",
    "title" : "Data Object",
    "@context" : {
      "dt" : "http://resources.usgin.org/uri-gin/usgin/schema/json/0.3/datatype",
      "@vocab" : "http://json-schema.org/draft-04/schema",
      "@base" : "http://resources.usgin.org/uri-gin/usgin/schema/json/0.3/datatype",
      "foaf" : "http://xmlns.com/foaf/0.1/",
      "dct" : "http://purl.org/dc/terms/",
      "skos" : "http://www.w3.org/2004/02/skos/core#"
    },
    "properties" : {
      "identifier" : {
        "type" : "string",
        "net.cnri.repository" : {
          "type" : {
            "autoGeneratedField" : "handle"
          }
        }
      },
      "dt:dataTypeName" : {
        "type" : "string",
        "title" : "Name",
        "net.cnri.repository" : {
          "preview" : {
            "showInPreview" : true,
            "isPrimary" : true
          }
        }
      },
      "dt:localNames" : {
        "description" : "alternate names for labeling the entity in UI; name could be localized with an @ extension eg. tamanho@PT",
        "type" : "array",
        "title" : "Local Names",
        "items" : {
          "type" : "string"
        }
      },
      "dt:description" : {
        "type" : "string",
        "format" : "textarea",
        "title" : "Description",
        "net.cnri.repository" : {
          "preview" : {
            "showInPreview" : true,
            "excludeTitle" : true
          }
        }
      },
      "dt:meaning" : {
        "description" : "concept label and identifier that specifies the semantics of the thing represented by instances of this dataType",
        "type" : "object",
        "title" : "DataType semantics",
        "properties" : {
          "dt:objectMeaningURI" : {
            "description" : "identifier for a data type (objectClass) entity concept",
            "type" : "string",
            "title" : "Concept URI",
            "net.cnri.repository" : {
              "type" : {
                "handleReference" : {
                  "types" : [ "SKOS Concept" ]
                }
              }
            }
          },
          "dt:objectMeaningLabel" : {
            "description" : "text label for people to recognize what the object represents",
            "type" : "string",
            "title" : "Concept"
          }
        }
      },
      "dt:elements" : {
        "description" : "basic properties to characterize attributes included in an entity content model. JSON $ref key can be used to link definition to a registered attribute definition. The propertySpecified property is used for semantic integration",
        "title" : "Attributes",
        "type" : "array",
        "minItems" : 1,
        "items" : {
          "type" : "string",
          "title" : "Attribute link",
          "net.cnri.repository" : {
            "type" : {
              "handleReference" : {
                "types" : [ "Attribute Object" ]
              }
            }
          }
        }
      },
      "creationDate" : {
        "type" : "string",
        "title" : "Creation Date",
        "net.cnri.repository" : {
          "type" : {
            "autoGeneratedField" : "creationDate"
          }
        }
      },
      "modificationDate" : {
        "type" : "string",
        "title" : "Modification Date",
        "net.cnri.repository" : {
          "preview" : {
            "showInPreview" : true
          },
          "type" : {
            "autoGeneratedField" : "modificationDate"
          }
        }
      },
      "createdBy" : {
        "type" : "string",
        "title" : "Created By",
        "net.cnri.repository" : {
          "type" : {
            "autoGeneratedField" : "createdBy"
          }
        }
      },
      "modifiedBy" : {
        "type" : "string",
        "title" : "Modified By",
        "net.cnri.repository" : {
          "type" : {
            "autoGeneratedField" : "modifiedBy"
          }
        }
      }
    }
  }
}