{
  "type": "object",
  "title": "Concept",
  "properties": {
    "identifier": {
      "type": "string",
      "net.cnri.repository": {
        "type": {
          "autoGeneratedField": "handle"
        }
      }
    },
    "prefLabel": {
      "type": "string",
      "title": "Name",
      "net.cnri.repository": {
        "preview": {
          "showInPreview": true,
          "isPrimary": true
        }
      }
    },
    "definition": {
      "type": "string",
      "format": "textarea",
      "title": "Definition",
      "net.cnri.repository": {
        "preview": {
          "showInPreview": true,
          "excludeTitle": true
        }
      }
    },
    "broader": {
      "type": "array",
      "title": "Broader Concepts",
      "items": {
        "type": "string",
        "net.cnri.repository": {
          "type": {
            "handleReference": {
              "types": [
                "Concept"
              ]
            }
          }
        }
      }
    },
    "narrower": {
      "type": "array",
      "title": "Narrower Concepts",
      "items": {
        "type": "string",
        "net.cnri.repository": {
          "type": {
            "handleReference": {
              "types": [
                "Concept"
              ]
            }
          }
        }
      }
    },
    "related": {
      "type": "array",
      "title": "Related Concepts",
      "items": {
        "type": "string",
        "net.cnri.repository": {
          "type": {
            "handleReference": {
              "types": [
                "Concept"
              ]
            }
          }
        }
      }
    },
    "creationDate": {
      "type": "string",
      "title": "Creation Date",
      "net.cnri.repository": {
        "type": {
          "autoGeneratedField": "creationDate"
        }
      }
    },
    "modificationDate": {
      "type": "string",
      "title": "Modification Date",
      "net.cnri.repository": {
        "preview": {
          "showInPreview": true
        },
        "type": {
          "autoGeneratedField": "modificationDate"
        }
      }
    },
    "createdBy": {
      "type": "string",
      "title": "Created By",
      "net.cnri.repository": {
        "type": {
          "autoGeneratedField": "createdBy"
        }
      }
    },
    "modifiedBy": {
      "type": "string",
      "title": "Modified By",
      "net.cnri.repository": {
        "type": {
          "autoGeneratedField": "modifiedBy"
        }
      }
    }
  }
}